﻿Reference designators,Quantity,MPN,Manufacturer,Part description,Value,SPN,Supplier,Package
"D2 (Zener Diode)","1","1N3518A","Microchip Technology","Diode","","","",""
"J1","1","","","Connector","","","",""
"LED2","1","LTL-307E","Lite-On Inc.","LED","","","",""
"LS1","1","KPEG242","Kingstate","Audio","","","",""
"M1","1","","","","","","",""
"Q1","1","IRLZ44NPBF","Infineon Technologies","MOSFET","","","",""
"Q2","1","BC547CTA","onsemi","Transistor","","","",""
"R1","1","RT1206BRD075KL","Yageo","Resistor, 5kΩ, SMD_0603_1608Metric","5kΩ","","","SMD_0603_1608Metric"
"R2","1","RT0402BRD072KL","Yageo","Resistor, 2kΩ, SMD_0603_1608Metric","2kΩ","","","SMD_0603_1608Metric"
"R3","1","RC1005F103CS","Samsung Electro-Mechanics","Resistor, 10kΩ, SMD_0603_1608Metric","10kΩ","","","SMD_0603_1608Metric"
"R4,R5,R6,R7","4","RC0402JR-071KL","Yageo","Resistor, 1kΩ, SMD_0603_1608Metric","1kΩ","","","SMD_0603_1608Metric"
"SW1","1","B3FS-1050P","OMRON","Switch","","","",""
"tmp36","1","TMP36GT9Z","Analog Devices","Sensor","","","",""
"U1","1","LM393N/NOPB","Texas Instruments Inc.","Integrated Circuit","","","",""
"VR1","1","PDB181-K420K-103B","Bourns Inc.","Potentiometer","","","",""
