﻿Designator,Manufacturer Part Number or Seeed SKU,QTY,Link
"D2 (Zener Diode)","1N3518A","1","https://ww1.microchip.com/downloads/aemDocuments/documents/HRDS/ProductDocuments/DataSheets/1N3506A-1N3534A.pdf"
"J1","","1",""
"LED2","LTL-307E","1",""
"LS1","KPEG242","1",""
"M1","","1",""
"Q1","IRLZ44NPBF","1",""
"Q2","BC547CTA","1",""
"R1","RT1206BRD075KL","1","https://www.vishay.com/docs/60057/pnm.pdf"
"R2","RT0402BRD072KL","1",""
"R3","RC1005F103CS","1","https://mm.digikey.com/Volume0/opasdata/d220001/medias/docus/39/RC_Series_ds.pdf"
"R4,R5,R6,R7","RC0402JR-071KL","4",""
"SW1","B3FS-1050P","1","https://datasheet.lcsc.com/lcsc/1809271215_Omron-Electronics-B3FS-1050P_C231326.pdf"
"tmp36","TMP36GT9Z","1",""
"U1","LM393N/NOPB","1",""
"VR1","PDB181-K420K-103B","1","https://www.bourns.com/docs/Product-Datasheets/PDB18.pdf"
