﻿Component Description,QTY,Ref Des,Mfg P/N #,Manufacturer,Distributor P/N #
"Diode","1","D2 (Zener Diode)","1N3518A","Microchip Technology",""
"Connector","1","J1","","",""
"LED","1","LED2","LTL-307E","Lite-On Inc.",""
"Audio","1","LS1","KPEG242","Kingstate",""
"","1","M1","","",""
"MOSFET","1","Q1","IRLZ44NPBF","Infineon Technologies",""
"Transistor","1","Q2","BC547CTA","onsemi",""
"Resistor, 5kΩ, SMD_0603_1608Metric","1","R1","RT1206BRD075KL","Yageo",""
"Resistor, 2kΩ, SMD_0603_1608Metric","1","R2","RT0402BRD072KL","Yageo",""
"Resistor, 10kΩ, SMD_0603_1608Metric","1","R3","RC1005F103CS","Samsung Electro-Mechanics",""
"Resistor, 1kΩ, SMD_0603_1608Metric","4","R4,R5,R6,R7","RC0402JR-071KL","Yageo",""
"Switch","1","SW1","B3FS-1050P","OMRON",""
"Sensor","1","tmp36","TMP36GT9Z","Analog Devices",""
"Integrated Circuit","1","U1","LM393N/NOPB","Texas Instruments Inc.",""
"Potentiometer","1","VR1","PDB181-K420K-103B","Bourns Inc.",""
