﻿Item #,Designator,Qty,Manufacturer,Mfg Part #,Description / Value,Package/Footprint,Type,Your Instructions / Notes
"1","D2 (Zener Diode)","1","Microchip Technology","1N3518A","Diode","","",""
"2","J1","1","","","Connector","","",""
"3","LED2","1","Lite-On Inc.","LTL-307E","LED","","",""
"4","LS1","1","Kingstate","KPEG242","Audio","","",""
"5","M1","1","","","","","",""
"6","Q1","1","Infineon Technologies","IRLZ44NPBF","MOSFET","","",""
"7","Q2","1","onsemi","BC547CTA","Transistor","","",""
"8","R1","1","Yageo","RT1206BRD075KL","Resistor, 5kΩ, SMD_0603_1608Metric","SMD_0603_1608Metric","",""
"9","R2","1","Yageo","RT0402BRD072KL","Resistor, 2kΩ, SMD_0603_1608Metric","SMD_0603_1608Metric","",""
"10","R3","1","Samsung Electro-Mechanics","RC1005F103CS","Resistor, 10kΩ, SMD_0603_1608Metric","SMD_0603_1608Metric","",""
"11","R4,R5,R6,R7","4","Yageo","RC0402JR-071KL","Resistor, 1kΩ, SMD_0603_1608Metric","SMD_0603_1608Metric","",""
"12","SW1","1","OMRON","B3FS-1050P","Switch","","",""
"13","tmp36","1","Analog Devices","TMP36GT9Z","Sensor","","",""
"14","U1","1","Texas Instruments Inc.","LM393N/NOPB","Integrated Circuit","","",""
"15","VR1","1","Bourns Inc.","PDB181-K420K-103B","Potentiometer","","",""
