﻿Comment,Designator,Footprint,JLCPCB Part #
"1N3518A","D2 (Zener Diode)","",""
"Connector","J1","",""
"LTL-307E","LED2","",""
"KPEG242","LS1","",""
"","M1","",""
"IRLZ44NPBF","Q1","",""
"BC547CTA","Q2","",""
"RT1206BRD075KL","R1","SMD_0603_1608Metric",""
"RT0402BRD072KL","R2","SMD_0603_1608Metric",""
"RC1005F103CS","R3","SMD_0603_1608Metric",""
"RC0402JR-071KL","R4, R5, R6, R7","SMD_0603_1608Metric",""
"B3FS-1050P","SW1","",""
"TMP36GT9Z","tmp36","",""
"LM393N/NOPB","U1","",""
"PDB181-K420K-103B","VR1","",""
